City,Housing Score,Cost of Living Score,Startups Score,Venture Capital Score,Travel Connectivity Score,Commute Score,Business Freedom Score,Safety Score,Healthcare Score,Education Score,Environmental Quality Score,Economy Score,Taxation Score,Internet Access Score,Leisure & Culture Score,Tolerance Score,Outdoors Score,teleport_city_score
Aarhus,6.1315,4.015000000000001,2.827000000000001,2.5119999999999996,3.5360000000000005,6.31175,9.94,9.616500000000002,9.130666666666666,5.3665,7.633000000000001,4.886500000000001,5.0680000000000005,8.373,3.187,9.738500000000002,4.13,65.08999999999999
Adelaide,6.3095,4.692,3.1365,2.64,1.7765000000000004,5.33625,9.399666666666667,7.926000000000001,9.149666666666667,5.1419999999999995,8.330750000000002,6.0695000000000014,4.5885,4.341,4.3285,7.822,5.531000000000001,61.19986486486487
Albuquerque,7.2620000000000005,6.059,3.7720000000000002,1.4929999999999999,1.4555000000000002,5.05575,8.671,1.3435,8.508666666666665,4.151999999999999,7.3195,6.5145,4.346,5.396000000000001,4.890000000000001,7.028499999999999,3.5155,51.512162162162156
Almaty,9.282,9.333,2.4585,0.0,4.592,5.871249999999999,5.568,7.309,3.694,2.283,3.8567500000000003,5.269,8.522,2.886,2.9370000000000003,6.5395,5.499999999999999,52.75824324324324
Amsterdam,3.0529999999999995,3.8240000000000007,7.971500000000001,6.107,8.3245,6.1185,8.836666666666666,8.503500000000003,8.899000000000001,6.18,7.59725,5.053000000000001,4.954999999999999,4.523000000000001,8.874,8.368,5.3069999999999995,69.59878378378377
Anchorage,5.433500000000001,3.141,2.7945,0.0,1.7379999999999998,4.715249999999999,8.671,3.4704999999999995,8.632666666666665,3.6245,9.272000000000002,6.5145,4.772,4.9645,3.2660000000000005,7.093,5.3580000000000005,52.02472972972975
Andorra,3.9690000000000003,0.0,1.0,0.0,0.5,0.0,0.0,9.5535,0.0,0.0,7.256,0.0,4.475,7.186,2.132,8.7035,3.5885,29.364324324324322
Ankara,9.928,9.125,3.9725000000000006,0.0,2.0475,5.291,5.948333333333333,7.425000000000002,5.702999999999999,2.0285,2.9360000000000004,4.093500000000001,4.323499999999999,2.3160000000000003,8.638499999999999,4.485500000000001,5.1465,52.01594594594593
Asheville,5.855999999999999,5.311,3.5404999999999998,0.0,1.2095,1.358,8.671,5.852500000000001,8.921333333333333,3.6245,8.49325,6.5145,4.062,4.7875,5.063,7.7305,2.2655,50.92864864864867
Asuncion,9.226500000000001,9.295000000000002,2.207,0.0,0.645,4.968750000000001,3.684,6.9345,4.891333333333333,0.0,3.9690000000000003,4.109,8.423499999999999,1.479,5.991999999999999,7.051499999999999,3.4845000000000006,47.11594594594596
Athens,9.052499999999998,6.5,4.404,2.325,3.707,5.2197499999999994,6.168999999999999,6.7585,7.258333333333333,3.1624999999999996,3.8022500000000004,3.3199999999999994,4.1665,2.2279999999999993,7.876000000000001,6.268000000000001,6.483,55.062567567567555
Atlanta,4.9755,5.241,8.835,7.2570000000000014,5.2915,3.8977500000000003,8.671,2.6725,8.533999999999999,6.456999999999999,5.817749999999999,6.5145,4.204,6.4805,7.765499999999999,4.062,5.0095,58.03756756756757
Auckland,4.72,4.470000000000001,4.588000000000001,2.79,1.3045000000000004,4.845000000000001,10.0,7.0215,8.667,5.0465,8.2725,5.505500000000001,5.9315,6.8500000000000005,4.395999999999999,7.402000000000001,5.862,60.44162162162162
Austin,4.3345,5.3549999999999995,9.236,6.939000000000001,1.8515000000000004,4.3305,8.671,5.069,8.686666666666666,5.315000000000001,7.03075,6.5145,4.772,9.049,6.6979999999999995,6.7895,3.9090000000000003,60.5177027027027
Baku,9.745000000000001,9.806000000000001,2.6704999999999997,0.0,2.1690000000000005,5.492,5.671666666666666,8.772,3.7076666666666664,0.0,2.62125,3.8765,5.861,1.4420000000000002,6.2195,6.584500000000001,4.503,49.984459459459465
Bali,5.0,0.0,1.6280000000000001,0.0,1.9299999999999997,5.193500000000001,3.912333333333333,8.7475,2.6823333333333332,0.5275,4.13775,4.657500000000001,6.266,3.2375000000000003,6.3335,4.558999999999999,7.5005,44.287837837837834
Baltimore,4.829999999999999,4.982,0.0,4.3580000000000005,3.6664999999999996,4.93475,5.502000000000001,2.373,8.944666666666665,5.8805,5.784500000000001,6.5145,4.062,4.988,0.0,5.755,3.9795,45.36324324324325
Bangkok,7.3935,7.222,6.119,3.453,4.112,4.293500000000001,5.6036666666666655,7.0365,5.287999999999999,1.6915,3.37125,2.387,6.794500000000001,4.826499999999999,9.089,6.019,6.494000000000001,54.17243243243245
Barcelona,6.3229999999999995,6.074000000000001,7.7585000000000015,5.655,5.806,5.69925,7.1196666666666655,7.407499999999999,8.366666666666665,5.029000000000002,3.6655000000000006,4.296,3.894000000000001,6.467999999999999,8.591499999999998,7.471500000000001,5.827999999999999,63.35378378378377
Beijing,6.173000000000001,8.101,4.872,9.562000000000001,7.0175,4.83675,3.8153333333333332,7.066,5.366999999999999,7.971000000000002,2.0555000000000003,6.103,1.4260000000000002,3.493,7.2684999999999995,2.822,4.9435,53.410270270270274
Beirut,6.655500000000001,6.3,3.4094999999999995,0.0,1.3045000000000004,4.77275,4.329,6.833,5.905333333333333,1.0035,1.449,3.4345000000000003,8.2805,1.5905,3.3995,4.184,3.8420000000000005,42.95716216216216
Belfast,7.532000000000001,6.014000000000001,3.55,1.6210000000000002,4.0985,5.28,8.991999999999999,7.678999999999999,8.101666666666667,4.6865000000000006,8.377500000000001,5.438,5.9545,5.5954999999999995,4.957000000000001,5.9795,1.413,59.546081081081105
Belgrade,9.2575,8.546000000000001,4.9095,2.333,2.1365000000000003,5.578250000000001,5.383999999999999,6.6995000000000005,5.15,0.5,4.88325,1.638,4.1665,3.8630000000000004,6.497,7.3870000000000005,5.078,50.90851351351351
Belize City,4.6425,0.0,1.866,0.0,0.8900000000000001,0.0,3.4109999999999996,6.052,3.772,0.0,2.031,3.4959999999999996,6.930000000000001,3.8074999999999997,1.0645,6.865,0.5,28.685000000000006
Bengaluru,9.810999999999998,10.0,10.0,8.972999999999999,4.064,4.00625,3.6179999999999994,7.2940000000000005,2.4646666666666666,0.656,2.75575,5.5565,3.4145,2.8409999999999997,3.2215000000000007,3.4844999999999997,2.385,47.55689189189189
Bergen,5.229499999999999,1.8050000000000002,2.207,1.0,3.2425000000000006,5.8875,9.635333333333332,7.7075,9.041333333333332,4.8395,7.539250000000001,7.0735,4.752,6.537000000000001,4.4875,7.6145,4.3134999999999994,60.09445945945945
Berlin,6.3950000000000005,5.524,9.084999999999999,7.820000000000001,7.024999999999999,6.1960000000000015,9.072333333333333,7.251500000000001,8.543333333333331,7.019000000000001,6.771500000000001,5.373500000000001,3.9034999999999997,4.677999999999999,8.881,7.177499999999998,5.475000000000001,69.96513513513514
Bern,4.922500000000001,1.0,2.6875000000000004,0.0,5.2635000000000005,5.19775,8.888,9.266,9.495666666666665,5.3454999999999995,9.2445,6.552,6.4285000000000005,6.1145000000000005,4.245,8.589,2.1225,62.41121621621622
Bilbao,6.888000000000001,5.638,2.668,0.0,4.1735,5.774750000000001,7.1196666666666655,8.7805,9.023,3.759000000000001,8.328000000000001,4.296,3.894000000000001,5.756,6.013999999999999,8.663,1.481,59.019459459459455
Birmingham,5.9035,5.814,4.3575,2.541,5.8450000000000015,5.4935,8.991999999999999,6.946500000000001,8.319999999999999,5.0265,5.7385,5.438,5.9545,5.940000000000001,4.4350000000000005,6.421,1.2675,58.58513513513513
"Birmingham, AL",6.5555,5.133,4.3575,1.0,1.4354999999999998,2.02075,8.671,1.776,8.743333333333332,3.6245,7.0375,6.5145,4.204,5.1605,5.3835,4.881500000000002,1.2660000000000002,45.74148648648649
Bogota,9.0275,9.079999999999998,5.7085,1.2590000000000001,1.8890000000000002,4.964,6.348666666666665,6.222000000000001,5.138999999999999,1.534,4.3475,4.5945,1.8515000000000004,2.9760000000000004,6.215,8.555499999999999,7.477,52.68162162162161
Boise,6.9635,6.578,4.205,2.5960000000000005,1.3235,5.2250000000000005,8.671,4.3605,8.881,3.6245,8.069500000000001,6.5145,4.062,3.442,4.1995,6.9275,5.221,55.63108108108109
Bologna,7.4719999999999995,5.189,3.1485000000000007,1.3969999999999998,3.6820000000000004,5.53,6.189666666666666,7.337,8.565333333333333,4.202500000000001,5.460250000000001,3.3625,2.4365,7.7105,5.736000000000001,7.618,1.5815000000000001,53.89972972972973
Bordeaux,7.1915,4.583,3.6915000000000004,0.0,4.876,5.5497499999999995,8.088333333333333,7.466,9.276333333333332,4.442,7.261000000000001,4.2045,2.6480000000000006,3.875,5.3005,7.126499999999999,2.8754999999999997,57.256486486486494
Boston,1.0,4.259,9.565000000000001,10.0,3.215,4.39625,8.671,7.742000000000001,8.956,8.6245,8.1705,6.5145,4.062,5.700500000000001,8.564,8.4815,5.659999999999999,67.32635135135136
Boulder,3.704,4.531,5.853000000000001,6.019,4.207,6.138000000000002,8.671,7.0735,8.891666666666666,4.679,9.84375,6.5145,4.346,6.2780000000000005,2.5649999999999995,9.274500000000002,6.699,64.25229729729732
Bozeman,2.949,0.0,3.407,0.0,1.1905000000000001,0.0,8.671,6.9145,8.885333333333334,4.128,9.369,6.5145,4.062,5.156000000000001,1.9069999999999998,7.2935,6.134,48.48432432432433
Bratislava,7.874499999999999,7.618,3.487,0.0,4.890000000000001,5.8115000000000006,6.188666666666666,8.618,6.218333333333334,3.2975,6.199999999999999,4.4705,4.937,4.583500000000001,6.186,6.432499999999999,4.8575,57.406891891891895
Brighton,2.49,5.324,3.4094999999999995,0.0,8.322,5.547500000000001,8.991999999999999,8.4715,8.100999999999999,4.906000000000001,8.245750000000001,5.438,5.9545,4.7585,4.8695,8.17,4.898,62.39027027027026
Brisbane,5.212,5.1770000000000005,6.343,3.24,2.4345,4.617750000000001,9.399666666666667,7.903500000000001,9.435999999999998,5.920999999999999,8.82775,6.0695000000000014,4.5885,4.407500000000001,4.01,7.489500000000001,6.256500000000002,63.16783783783782
Bristol,5.215999999999999,5.242,4.113,3.593,4.890000000000001,5.4437500000000005,8.991999999999999,7.9399999999999995,8.227666666666666,5.4615,6.472250000000001,5.438,5.9545,6.478000000000001,3.8625,7.439499999999999,4.538,61.426351351351336
Brno,8.329000000000002,7.925999999999998,2.9155,0.0,2.601,5.827249999999999,6.2126666666666654,8.5655,7.1419999999999995,4.226500000000001,6.05525,4.378000000000001,5.9334999999999996,7.020500000000002,5.3525,8.055000000000001,3.694,58.28702702702703
Brussels,6.3549999999999995,4.477,5.6915000000000004,3.3739999999999997,7.4675,5.386750000000001,8.876999999999999,6.703,8.816333333333333,6.6530000000000005,4.591000000000001,4.8115000000000006,1.8830000000000002,7.5715,8.143999999999998,6.481,4.123,61.962837837837846
Bucharest,9.186500000000002,8.516,5.383,1.187,3.4955,5.072500000000001,5.681666666666667,8.985999999999999,4.941666666666666,2.4475,3.41925,4.103,6.8389999999999995,9.638,6.959499999999999,8.686500000000002,1.9674999999999998,57.41067567567566
Budapest,8.570500000000001,7.9479999999999995,5.4935,2.8040000000000003,4.426500000000001,5.395000000000001,6.707999999999999,8.218499999999999,5.315999999999999,3.693,5.2875,4.946,6.1075,6.759,8.253000000000002,7.228,5.112000000000001,61.15459459459461
Buenos Aires,8.812000000000001,7.763999999999999,4.672999999999999,2.3100000000000005,3.77,4.9235,4.045333333333334,6.0395,6.106666666666666,1.422,4.869,2.884,1.568,1.5274999999999999,7.6735,8.584000000000001,4.535500000000001,49.59229729729729
Buffalo,7.0765,5.228000000000001,3.9470000000000005,2.7150000000000003,1.511,2.154,8.671,7.1884999999999994,8.498,4.212,8.329249999999998,6.5145,3.9205,6.757999999999999,4.32,7.404000000000001,4.6465,56.03797297297297
Cairo,10.0,10.0,5.0985000000000005,2.958,3.7575000000000003,3.99025,5.7906666666666675,6.791,2.897333333333333,0.5,1.1555000000000002,2.978,5.101,2.4050000000000002,6.1855,2.6500000000000004,0.5,43.35243243243242
Calgary,6.495000000000001,5.417999999999999,5.9495000000000005,2.0359999999999996,2.5140000000000002,5.157500000000001,8.966,7.923,8.870333333333335,5.5550000000000015,8.191499999999998,5.8405000000000005,7.2745000000000015,5.6705000000000005,4.268,8.1105,7.504499999999999,65.5031081081081
Cambridge,4.1055,4.851,5.253,3.2840000000000003,6.887499999999999,5.627750000000001,8.991999999999999,9.504499999999998,8.185999999999998,6.554500000000001,8.0165,5.438,5.9545,5.8095,2.455,8.487000000000002,0.5,63.056891891891894
Cape Town,6.7635000000000005,7.955,5.611000000000001,3.725,2.1630000000000003,3.8425000000000002,4.732,5.327999999999999,3.8563333333333327,0.8945000000000001,6.6085,2.7680000000000007,5.151,5.612500000000001,4.736000000000001,3.6605000000000003,6.750500000000001,45.93310810810814
Caracas,4.9025,9.82,3.0535,0.0,1.3235,4.544250000000001,0.9999999999999999,5.221,4.241333333333333,0.0,2.2725,1.978,4.180000000000001,1.6415000000000002,4.38,4.5504999999999995,4.0985,34.52013513513513
Cardiff,7.065,6.082,3.3955,1.7800000000000002,4.890000000000001,5.764749999999999,8.991999999999999,8.21,8.217999999999998,4.785500000000001,6.607249999999999,5.438,5.9545,5.101,5.0285,7.996,4.8055,62.817162162162155
Casablanca,8.822,9.088000000000001,3.0974999999999997,0.0,2.9145,4.26,5.614333333333333,6.775500000000001,3.596666666666666,0.0,2.2555000000000005,3.1734999999999998,3.2994999999999997,2.067,2.6830000000000003,2.945,3.9935,40.35081081081081
Charleston,4.6370000000000005,3.567,4.92,2.011,1.399,4.62075,8.671,5.0555,8.914333333333332,3.6245,7.276,6.5145,4.062,6.093,6.595000000000001,5.771000000000001,5.0095,54.797027027027035
Charlotte,5.549,4.987,6.247999999999999,2.878,3.6790000000000003,4.134,8.671,5.347499999999999,8.811333333333334,3.6245,8.009249999999998,6.5145,4.062,6.3870000000000005,5.606,6.7895,1.3114999999999999,56.057162162162165
Chattanooga,6.782,6.121,3.9094999999999995,2.228,1.2095,0.7969999999999999,8.671,4.468,8.458,3.6245,7.1515,6.5145,4.772,8.365,4.1625,4.7925,3.908,49.4091891891892
Chennai,10.0,10.0,7.104,3.7820000000000005,4.208,4.8420000000000005,3.6179999999999994,7.837000000000001,2.4666666666666663,0.5115000000000001,2.3945000000000007,5.5565,3.4145,6.825500000000001,2.2275,4.550000000000001,4.198,48.08283783783783
Chiang Mai,9.3725,8.495000000000001,1.7830000000000001,0.0,1.6945000000000001,5.141249999999999,5.6036666666666655,8.452500000000002,5.253333333333334,1.6875,3.981,2.387,6.794500000000001,4.2865,6.847500000000001,6.8715,3.0879999999999996,51.011216216216205
Chicago,3.7020000000000004,4.766000000000001,9.513,8.368,5.5075,4.57975,8.671,3.8320000000000003,8.555,7.999,6.8045,6.5145,4.062,6.599499999999999,8.193,6.1339999999999995,5.4155,62.90500000000001
Chisinau,9.676499999999999,9.343,3.0535,0.0,1.6025,5.495,5.443333333333333,7.627999999999999,3.674333333333333,1.3995,4.3382499999999995,3.9765000000000006,6.2325,5.3615,2.7120000000000006,6.646999999999999,3.121,48.66702702702702
Christchurch,6.934000000000001,5.096,1.5355000000000003,0.0,0.8334999999999999,5.51775,10.0,7.584999999999999,8.584,4.756,9.256499999999999,5.505500000000001,5.9315,5.922,3.223500000000001,8.403500000000001,6.269,60.669729729729724
Cincinnati,6.6775,6.1080000000000005,6.0995,2.7089999999999996,1.9264999999999999,4.743500000000001,8.671,4.975,8.637999999999998,4.2805,7.1095,6.5145,3.9205,6.512000000000001,6.118000000000001,5.2989999999999995,3.6075,56.55027027027029
Cleveland,7.155999999999999,5.595,4.961,3.6460000000000004,2.0775000000000006,4.42125,8.671,3.6369999999999996,8.899000000000001,4.6185,7.2505,6.5145,3.9205,5.476500000000001,5.696500000000001,4.775499999999999,4.669,54.84851351351354
Cluj-Napoca,9.165,8.794,3.4094999999999995,1.8990000000000005,1.7625000000000002,5.876,5.681666666666667,9.474499999999999,5.2669999999999995,2.4480000000000004,6.40075,4.103,6.8389999999999995,8.6655,2.6275000000000004,8.624,4.255,57.53378378378377
Cologne,6.5265,5.606999999999999,5.1065000000000005,3.2780000000000005,7.282000000000001,5.381749999999999,9.072333333333333,6.6295,8.789333333333332,5.1034999999999995,6.48,5.373500000000001,3.9034999999999997,5.666,5.3225,6.7115,5.289000000000001,62.26432432432431
Colorado Springs,6.4995,5.375,4.267,2.1470000000000002,1.266,1.7352500000000004,8.671,5.3774999999999995,8.393666666666666,3.6245,8.526500000000002,6.5145,4.346,5.9225,3.8120000000000003,9.206,7.356499999999999,55.11527027027028
Columbus,6.2895,5.746000000000001,5.878500000000001,4.973000000000001,1.663,5.02675,8.671,5.2815,8.688999999999998,5.047499999999999,8.166,6.5145,3.9205,4.5535,6.465999999999999,5.9215,4.544999999999999,58.759324324324325
Copenhagen,4.227,3.426,6.206999999999999,4.467,6.3,6.2955000000000005,9.94,9.1525,8.564,5.301,8.27225,4.886500000000001,5.0680000000000005,7.239500000000001,7.063000000000001,9.095500000000001,4.671000000000001,68.81594594594596
Cork,5.514500000000001,4.902,3.9875,2.8699999999999997,2.3615,5.504250000000001,8.345666666666666,8.839500000000001,8.183666666666667,4.879,8.012750000000002,7.514500000000001,6.254999999999999,9.143999999999998,2.5315,8.630500000000001,0.5,60.60878378378381
Curitiba,9.429499999999999,8.433,2.912,2.148,0.8900000000000001,4.950250000000001,2.781,5.9465,5.579333333333333,1.0165000000000002,7.75725,2.187,2.8525,3.1420000000000003,7.1875,7.848000000000001,2.6655,46.45472972972971
Dallas,5.259000000000001,6.090999999999999,7.939500000000001,4.9159999999999995,4.746499999999999,4.4704999999999995,8.671,4.3389999999999995,8.439333333333332,4.284,6.693,6.5145,4.772,6.4609999999999985,7.1685,5.294,4.501999999999999,59.02243243243244
Dar es Salaam,7.652000000000001,8.026,2.6875000000000004,3.191,1.4535,2.0757499999999998,3.2886666666666664,6.1005,1.7799999999999996,0.0,2.0802500000000004,5.499999999999999,4.497000000000001,1.11,1.205,2.7665,4.3535,33.68337837837837
Delhi,9.751999999999999,9.869,9.828500000000002,9.099000000000002,5.642,3.71225,3.6179999999999994,6.4185,2.256333333333333,0.512,2.2030000000000003,5.5565,3.4145,3.588,5.683,3.115999999999999,1.1785,47.155135135135126
Denver,3.8375,5.102,7.8645,6.117,4.243,4.530000000000001,8.671,5.371,8.615666666666666,3.6245,7.11675,6.5145,4.346,5.418500000000001,6.2235,7.860499999999999,7.932999999999999,61.413243243243265
Des Moines,6.850999999999999,6.327,2.912,1.8179999999999998,1.379,2.0722500000000004,8.671,6.984,8.841333333333331,3.6245,8.68225,6.5145,4.346,5.6979999999999995,6.0665000000000004,8.4765,3.299500000000001,55.92121621621623
Detroit,6.223000000000001,6.032,5.4015,5.183999999999999,3.6405,0.9329999999999999,8.671,4.4615,8.278999999999998,5.8185,4.04675,6.5145,3.7785,6.167000000000002,7.478,3.678,5.387499999999999,52.3633783783784
Doha,2.1315,6.183,2.6875000000000004,0.0,2.6425,4.61625,7.408333333333332,9.486,6.8999999999999995,1.4335,3.94175,9.39,10.0,3.245,4.6205,5.0625,4.436999999999999,54.44743243243244
Dresden,7.884500000000001,6.0280000000000005,2.4065,1.533,3.536000000000001,4.959999999999999,9.072333333333333,8.463999999999999,8.705,5.124500000000001,8.110750000000001,5.373500000000001,3.9034999999999997,5.6035,6.6385,7.369,4.649,62.21189189189189
Dubai,2.591,5.49,7.309000000000001,4.183,4.508,4.2284999999999995,8.036999999999999,9.172,6.474666666666665,2.28,6.035500000000001,7.885999999999999,10.0,3.151,4.6705,5.426500000000001,5.7985,60.26243243243243
Dublin,2.5124999999999997,4.005000000000001,5.651,6.204,4.7615,5.44625,8.345666666666666,7.121499999999999,7.877,5.6065,6.5015,7.514500000000001,6.254999999999999,8.3435,7.134500000000001,7.328,5.664,63.60797297297298
Dusseldorf,6.282000000000001,5.1339999999999995,3.3890000000000002,2.2300000000000004,6.6695,5.283000000000001,9.072333333333333,8.166,8.574,4.306500000000001,7.375499999999999,5.373500000000001,3.9034999999999997,5.666,4.664000000000001,7.868499999999999,5.3585,62.201621621621626
Edinburgh,5.8450000000000015,5.114,4.109,3.3369999999999997,5.185,5.967500000000001,8.991999999999999,8.485,8.476,6.092500000000001,7.763,5.438,5.9545,5.1755,7.200500000000001,7.922000000000001,5.131,66.24905405405406
Edmonton,6.729500000000001,5.522,4.6240000000000006,2.392,1.9019999999999997,5.09725,8.966,7.1175000000000015,8.93,5.948,8.17575,5.8405000000000005,7.2745000000000015,4.609999999999999,3.9739999999999998,7.9254999999999995,3.3850000000000002,61.25094594594594
Eindhoven,6.252000000000001,5.125,3.5404999999999998,3.0170000000000003,4.807499999999999,6.031750000000001,8.836666666666666,9.107000000000001,9.196333333333333,5.0805,8.805,5.053000000000001,4.954999999999999,7.658999999999999,4.333500000000001,9.342500000000001,4.628,65.95945945945945
Eugene,6.713,5.021,3.0865000000000005,1.9640000000000002,1.192,5.627000000000001,8.671,6.171500000000001,8.826666666666666,4.1735,8.231,6.5145,3.9205,4.756000000000001,2.9560000000000004,8.9695,3.533,56.758648648648645
Florence,6.775,4.649,2.2274999999999996,0.0,4.306,6.0287500000000005,6.189666666666666,7.9725,8.399333333333333,4.058000000000001,6.009000000000001,3.3625,2.4365,4.4415,8.503499999999999,6.7355,1.6769999999999998,54.33608108108109
Florianopolis,9.0595,8.331000000000001,1.0,0.0,0.683,4.78775,2.781,6.5249999999999995,5.2186666666666675,1.0165000000000002,4.943999999999999,2.187,2.8525,3.185,5.33,7.637500000000001,5.7509999999999994,43.69945945945945
Fort Collins,2.744500000000001,0.0,4.0435,0.0,1.1019999999999999,2.0075000000000003,8.671,6.935499999999999,8.893333333333333,4.1735,9.953249999999999,6.5145,4.346,5.301999999999999,2.746,9.48,6.1865000000000006,53.06662162162162
Frankfurt,5.957,5.143,3.7680000000000002,3.398999999999999,8.529,5.923,9.072333333333333,6.8375,8.366,5.2065,6.4755,5.373500000000001,3.9034999999999997,4.079,6.492,7.0345,5.384,62.7635135135135
Fukuoka,4.01,0.0,1.484,1.79,6.172499999999999,0.0,8.389666666666667,9.945,9.385333333333332,5.5275,7.9159999999999995,3.7235,6.0329999999999995,4.575000000000001,5.8605,7.259,5.6815,55.89324324324324
Galway,6.275500000000001,4.9270000000000005,2.5380000000000003,2.556,2.3615,5.68975,8.345666666666666,8.89,7.9769999999999985,5.0075,7.51875,7.514500000000001,6.254999999999999,7.637499999999999,1.1150000000000002,8.700499999999998,3.7124999999999995,60.650000000000006
Gdansk,8.508,8.126999999999999,2.6875000000000004,0.0,2.8345000000000002,5.861,5.7043333333333335,8.0405,6.158666666666665,4.6615,7.794500000000001,4.7615,5.0969999999999995,5.036,5.515,4.4785,5.0249999999999995,55.96864864864867
Geneva,1.0775000000000001,1.0,4.692,3.089,5.866500000000001,6.003,8.888,8.427,9.673333333333332,5.186,8.601750000000001,6.552,6.4285000000000005,8.378499999999999,5.244000000000001,8.6205,6.5535,65.81513513513515
Gibraltar,1.1119999999999999,0.0,2.8419999999999996,1.5659999999999998,0.758,0.0,0.0,9.337499999999999,0.7063333333333333,0.0,5.1835,0.0,2.9130000000000003,4.296,2.235,4.4265,4.7565,25.347027027027032
Glasgow,6.9285000000000005,5.623,3.505,1.1820000000000002,6.1995000000000005,5.35225,8.991999999999999,7.496,8.652999999999999,5.306500000000001,7.100999999999999,5.438,5.9545,4.252999999999999,4.671000000000001,6.9430000000000005,3.740999999999999,61.34108108108107
Gothenburg,6.725,5.046000000000001,3.1285000000000007,3.725,3.6574999999999998,5.96875,9.568999999999997,7.296,8.805,4.7775,8.58975,5.694499999999999,2.7495000000000003,6.1925,4.0045,6.3645,4.5685,60.449729729729725
Grenoble,7.505000000000001,4.317,2.7430000000000003,1.852,3.996,5.52575,8.088333333333333,5.8875,9.272333333333332,4.549,6.151,4.2045,2.6480000000000006,3.7579999999999996,3.1785,5.0504999999999995,4.646,53.24459459459461
Guadalajara,9.527,9.49,4.3445,0.0,1.7294999999999998,4.3455,5.764999999999999,6.472000000000001,6.158333333333333,1.2095,3.34325,3.5005,4.333500000000001,4.0925,7.657,8.1575,3.4765000000000006,50.5891891891892
Guatemala City,8.8125,8.175,2.641,1.673,0.8145000000000001,0.5237499999999999,4.616999999999999,6.139,3.5650000000000004,0.0,3.75775,3.805,8.505,2.506,5.1645,7.157,4.1335,41.387162162162156
Halifax,6.895000000000001,4.9430000000000005,3.624,2.2840000000000003,1.5699999999999998,5.402750000000001,8.966,7.188500000000001,8.67,5.42,7.618499999999999,5.8405000000000005,7.2745000000000015,6.123500000000001,3.942,7.853499999999999,4.023,60.742027027027035
Hamburg,5.944500000000001,4.904,5.793999999999999,4.197,5.685000000000001,5.8265,9.072333333333333,6.4590000000000005,8.780666666666665,4.306500000000001,8.123999999999999,5.373500000000001,3.9034999999999997,5.560499999999999,6.3525,7.162999999999999,5.088,62.92743243243242
Hannover,7.754000000000001,6.000000000000001,1.0,0.0,5.646,6.5497499999999995,9.072333333333333,7.352500000000002,8.498333333333331,4.834,9.13125,5.373500000000001,3.9034999999999997,5.666,3.5255,7.266,4.2665,60.91554054054053
Havana,9.088999999999999,7.607999999999999,1.4975000000000003,0.0,1.919,0.0,1.643333333333333,8.6335,5.535666666666667,0.0,3.8622500000000004,2.5495000000000005,0.5,1.703,2.0700000000000003,8.7595,5.0225,36.73527027027027
Helsinki,5.396000000000001,4.121,5.683,5.507,4.7505,5.77925,9.450666666666667,8.674000000000001,8.432666666666664,5.4544999999999995,9.301,3.9210000000000003,4.8785,5.1034999999999995,7.054500000000001,7.501500000000001,4.797999999999999,65.85716216216217
Ho Chi Minh City,8.618,8.844000000000001,4.93,1.7390000000000003,2.08,5.1834999999999996,4.101666666666666,6.767500000000001,4.203333333333333,4.116499999999999,1.4197499999999998,4.8345,5.045,4.565,5.874000000000001,5.943499999999999,1.2575,47.595810810810825
Hong Kong,1.0,4.967,8.343,8.314,3.6790000000000003,5.54025,9.294333333333334,9.3505,2.405,9.711,4.53325,6.4825,8.380499999999998,6.2275,7.0584999999999996,7.152000000000001,5.796,64.44351351351352
Honolulu,2.3415000000000004,2.867,4.1335,0.0,1.983,4.1617500000000005,8.671,6.8565000000000005,8.474,4.2805,6.094000000000001,6.5145,4.204,6.158,7.622999999999999,7.774000000000001,5.917500000000001,55.74702702702703
Houston,5.224500000000001,6.162,7.9345,4.474,4.338500000000001,4.03075,8.671,3.1289999999999996,8.611,4.928,5.304500000000001,6.5145,4.772,6.248499999999999,7.144,5.34,5.385999999999999,57.065540540540546
Hyderabad,10.0,10.0,8.724499999999999,3.585,3.841,4.632000000000001,3.6179999999999994,8.1265,2.3903333333333334,0.0,2.8405000000000005,5.5565,3.4145,5.540000000000001,4.271,4.132499999999999,3.2085000000000004,48.69243243243243
Indianapolis,6.266,5.478,5.503,3.96,1.6815000000000002,4.85875,8.671,3.968,8.597666666666665,3.6245,6.1605,6.5145,4.062,5.875500000000001,7.2989999999999995,6.869999999999999,3.9650000000000003,55.76175675675677
Innsbruck,6.708,4.732,2.1254999999999997,0.0,5.569500000000001,6.3740000000000006,7.596,8.273,8.605666666666664,4.33,7.366,4.663,2.666,5.0595,4.4245,8.485499999999998,3.9635000000000002,58.80743243243243
Istanbul,9.137500000000001,8.787,6.9535,2.1109999999999998,5.8355,4.06575,5.948333333333333,6.8935,5.683999999999999,2.1525,3.40475,4.093500000000001,4.323499999999999,3.5005,10.0,3.8925,5.7435,55.19081081081082
Jacksonville,6.450000000000001,5.359,4.3475,2.545,1.5674999999999997,1.40575,8.671,3.8255,8.498,3.6245,7.12025,6.5145,4.772,6.157500000000001,5.6545000000000005,5.6785000000000005,5.013,50.804864864864875
Jakarta,8.671,8.471,5.649500000000001,6.437,2.4885000000000006,3.6400000000000006,4.028666666666666,7.0005,2.768,1.0274999999999999,2.4857500000000003,4.657500000000001,6.266,4.498999999999999,8.146,2.0665,7.202000000000001,48.56202702702704
Johannesburg,8.012,7.575000000000001,4.937499999999999,1.467,3.2030000000000003,3.91575,4.732,5.165500000000001,3.3433333333333333,0.7585,4.325500000000001,2.7680000000000007,5.151,2.8375,4.4014999999999995,3.6605000000000003,2.9560000000000004,41.291216216216206
Kansas City,6.7075,5.844,2.793999999999999,3.5380000000000007,1.8689999999999998,1.9725000000000004,8.671,4.422500000000001,8.775666666666666,3.6245,7.9765,6.5145,4.062,8.188500000000001,6.674500000000001,5.0205,4.161500000000001,52.51337837837839
Karlsruhe,7.764499999999998,5.294,2.9939999999999998,1.299,4.7985,4.905499999999999,9.072333333333333,6.858,8.994666666666665,5.2075000000000005,7.7675,5.373500000000001,3.9034999999999997,4.5945,3.9865,8.337,4.588500000000001,59.9687837837838
Kathmandu,10.0,9.445,3.2110000000000003,0.0,1.0410000000000001,5.348999999999999,4.740333333333333,8.5055,2.311,0.0,1.0,4.496,5.513000000000002,2.201,5.039,9.129000000000001,3.7979999999999996,47.20864864864864
Kiev,9.0845,9.817,4.0495,2.545,5.4875,5.16075,4.525333333333333,7.2555000000000005,3.6956666666666655,0.5,3.6665,1.2755,5.478,6.041499999999999,8.419500000000001,6.827,5.348999999999999,52.16364864864864
Kingston,8.8955,5.937,2.6480000000000006,0.0,0.8145000000000001,4.926750000000001,6.567666666666668,5.5275,5.390000000000001,0.0,3.02025,1.8295,6.073499999999999,4.483499999999999,4.2780000000000005,2.8434999999999997,3.3460000000000005,42.05621621621623
Knoxville,6.9754999999999985,6.447000000000001,3.5165,0.0,1.379,1.943,8.671,5.1295,8.579333333333333,4.212,3.7232499999999997,6.5145,4.772,7.092499999999999,4.495500000000001,5.4025,1.7525,48.39648648648649
Krakow,8.4245,8.509,4.534000000000001,2.11,2.9285000000000005,5.629,5.7043333333333335,8.521500000000001,6.1789999999999985,4.6625000000000005,4.802,4.7615,5.0969999999999995,5.7875,7.839999999999999,4.592000000000001,4.3085,57.44851351351352
Kuala Lumpur,8.663499999999999,8.238,5.542,4.245,3.5620000000000003,4.37975,7.597333333333332,5.880999999999999,5.144,2.527,3.869999999999999,6.339,6.1265,5.4615,7.166,1.528,5.738500000000001,53.874729729729744
Kyoto,3.765,0.0,1.3025,0.0,6.7945,2.5,8.389666666666667,10.0,9.46433333333333,6.241,6.435,3.7235,6.0329999999999995,3.7119999999999997,8.153500000000001,7.663,1.6465,56.97
Lagos,7.767,9.098,6.4335,2.5100000000000007,1.7479999999999998,3.56475,3.255666666666666,5.999499999999999,1.63,0.0,1.9072500000000001,5.061,6.2155000000000005,1.634,1.3585,1.4060000000000001,3.8245,37.1887837837838
La Paz,4.724,0.0,1.4975000000000003,0.0,1.3190000000000002,3.8342499999999995,3.4819999999999993,6.750500000000001,2.5659999999999994,0.0,1.7337500000000001,4.536,4.5489999999999995,1.548,1.525,6.292999999999999,5.499999999999999,33.88797297297296
Las Palmas de Gran Canaria,8.232000000000001,7.717,1.5835000000000001,0.0,4.323499999999999,0.0,7.1196666666666655,9.1545,9.035333333333332,3.759000000000001,6.860499999999999,4.296,3.894000000000001,6.195500000000001,2.8145000000000002,9.7185,5.5375000000000005,54.33337837837837
Las Vegas,7.0009999999999994,5.7589999999999995,7.515,2.022,3.5285,4.807499999999999,8.671,2.385,7.984666666666667,3.6245,5.556500000000001,6.5145,4.772,5.3035,6.3685,7.275,5.385,55.9195945945946
Lausanne,4.0755,1.0,3.822,3.308,6.5145,5.85825,8.888,8.032499999999999,9.589666666666666,6.622,8.809750000000001,6.552,6.4285000000000005,4.146,4.222,8.4535,5.337999999999999,65.16905405405407
Leeds,6.811,5.3629999999999995,3.3605,4.423,6.595000000000001,5.1057500000000005,8.991999999999999,7.731,8.524999999999999,4.9825,5.922000000000001,5.438,5.9545,7.3294999999999995,3.7434999999999996,7.214,1.2955,60.44499999999999
Leipzig,8.177,5.9110000000000005,2.7065,0.0,4.337,6.01375,9.072333333333333,7.277000000000001,8.115666666666666,4.306500000000001,9.03275,5.373500000000001,3.9034999999999997,5.646500000000001,4.5264999999999995,7.1935,4.747000000000001,60.78162162162162
Lille,7.532000000000001,5.399000000000001,3.2585,2.3810000000000002,6.020000000000001,2.29375,8.088333333333333,6.942,9.280333333333333,4.3934999999999995,4.2395,4.2045,2.6480000000000006,3.826999999999999,5.1095000000000015,7.202999999999999,2.2925000000000004,52.556216216216214
Lima,8.712,8.496,3.8835,1.6500000000000001,2.012,4.7589999999999995,5.001666666666667,5.2905,4.627,0.5,2.48075,3.1625000000000005,6.524,2.41,6.8085,6.0805,5.388000000000001,46.68743243243244
Lisbon,6.734000000000001,7.004000000000001,6.022,3.194,4.191000000000001,5.31575,8.238666666666665,8.438,7.751333333333332,4.48,6.4115,3.483,4.1575,6.394000000000001,7.833500000000001,9.597,5.690999999999999,63.994054054054025
Liverpool,7.485,6.02,3.5589999999999993,2.355,6.649500000000001,4.5409999999999995,8.991999999999999,7.7285,8.836333333333332,4.872,7.275250000000001,5.438,5.9545,8.994,5.393,7.451,5.458500000000001,64.59554054054053
Ljubljana,8.214000000000002,6.749000000000001,4.088000000000001,1.2300000000000002,2.293,5.69875,7.676666666666666,8.953,7.431999999999999,4.851999999999999,8.661750000000001,4.7205,4.8100000000000005,5.4895000000000005,4.7989999999999995,8.184000000000001,1.8225000000000002,60.078648648648645
London,1.0,3.9400000000000004,10.0,9.859,9.4025,5.3955,8.991999999999999,7.243500000000001,8.149999999999999,9.027000000000001,5.547750000000001,5.438,5.9545,5.8455,9.4555,6.573,5.374499999999999,69.50594594594595
Los Angeles,1.5274999999999999,4.556000000000001,10.0,10.0,3.9585000000000004,3.6770000000000005,8.574666666666667,5.705,8.439666666666666,8.6245,4.7315000000000005,6.5145,4.7675,5.496500000000001,9.196,6.959999999999999,6.747,63.426351351351364
Louisville,7.258,6.358000000000001,4.254,2.293,1.4729999999999999,1.954,8.671,3.6175,8.558333333333334,3.6245,6.601249999999999,6.5145,4.062,5.526999999999999,5.6935,5.778499999999999,1.3,48.99202702702704
Luxembourg,2.4530000000000003,3.411,3.3075000000000006,1.8990000000000005,4.5805,5.8445,7.856666666666666,8.627999999999998,9.252666666666666,3.4795,8.57625,7.473000000000001,7.151,5.458,4.495500000000001,8.8045,1.4749999999999999,60.42635135135136
Lviv,9.778,10.0,4.204,0.0,3.7615,5.485250000000001,4.525333333333333,7.822,3.808,0.0,4.82525,1.2755,5.478,5.055999999999999,7.0584999999999996,6.715999999999999,4.436000000000001,50.90554054054054
Lyon,6.697000000000001,4.349,4.4995,3.083,5.963000000000001,5.18525,8.088333333333333,7.134499999999999,8.850999999999997,4.5805,6.54325,4.2045,2.6480000000000006,9.403,5.987500000000001,6.5169999999999995,5.373500000000001,60.259324324324325
Madison,5.8294999999999995,6.173,4.017,2.9130000000000003,1.2295,5.473750000000001,8.671,7.362000000000001,9.023666666666665,5.385999999999999,9.524000000000001,6.5145,4.204,4.9925,4.422000000000001,7.9005,4.3759999999999994,60.894999999999996
Madrid,6.414000000000001,6.2490000000000006,0.0,4.79,5.8555,5.285750000000001,7.1196666666666655,7.7925,8.628333333333332,4.291500000000001,5.5655,4.296,3.894000000000001,6.241,9.338,7.665000000000001,6.22,60.51783783783785
Malaga,8.0515,7.375,2.4585,0.0,4.3605,5.78275,7.1196666666666655,7.693,8.506333333333332,3.759000000000001,8.108250000000002,4.296,3.894000000000001,6.1895,6.389,7.5005,5.784000000000001,60.41837837837837
Malmo,7.263000000000001,5.57,3.6449999999999996,2.683,4.7675,5.646750000000001,9.568999999999997,6.598000000000001,8.889333333333333,3.8930000000000002,9.2055,5.694499999999999,2.7495000000000003,8.219999999999999,2.3445,5.304,4.524,59.35351351351353
Managua,4.7855,0.0,1.866,0.0,0.6075,0.0,4.600333333333333,7.774500000000001,4.623666666666667,0.0,3.3405,3.9395,3.2544999999999997,1.177,1.8370000000000002,9.238999999999999,1.4335,32.58189189189189
Manchester,6.455500000000001,5.049000000000001,5.769500000000001,4.908,6.397500000000001,4.728,8.991999999999999,6.7725,8.439999999999998,5.652,4.363,5.438,5.9545,5.814,4.9750000000000005,6.6770000000000005,3.676,60.752702702702685
Manila,8.5955,8.751999999999999,4.805,3.547,2.6345,3.713,4.592333333333334,6.4345,2.863,0.0,1.683,5.006499999999999,4.303,4.608,7.584,5.503,4.8255,45.87648648648649
Marseille,7.5885,6.026000000000002,3.3095000000000003,2.843,5.950500000000001,5.86075,8.088333333333333,5.252,9.052999999999999,4.442,3.942,4.2045,2.6480000000000006,5.5425,5.443000000000001,6.1735,5.1835,56.23148648648648
Medellin,9.2315,9.315000000000001,4.618,0.0,0.9279999999999999,5.3545,6.348666666666665,7.477,5.452333333333332,1.5310000000000001,6.17075,4.5945,1.8515000000000004,4.1485,5.029,9.302000000000001,3.662,52.440270270270275
Melbourne,4.829999999999999,4.798000000000001,8.204,5.020000000000001,2.8465000000000003,4.872,9.399666666666667,7.1325,9.175,6.2204999999999995,7.891499999999999,6.0695000000000014,4.5885,5.896000000000001,6.461,7.0005,6.202999999999999,64.8881081081081
Memphis,7.1145000000000005,5.829,4.449499999999999,0.0,1.6615000000000002,1.9175,8.671,2.8585000000000003,7.523666666666666,3.6245,4.545249999999999,6.5145,4.772,6.07,6.860499999999999,4.040500000000001,3.5694999999999997,46.9977027027027
Mexico City,8.360000000000001,9.244,7.479999999999999,2.6340000000000003,2.87,3.806,5.760999999999998,5.464000000000001,5.789666666666666,1.713,2.5062500000000005,3.5005,4.333500000000001,5.8405000000000005,9.962,7.089,3.914,52.137027027027
Miami,3.0309999999999997,4.497,8.0225,5.055,4.1690000000000005,4.0527500000000005,8.671,4.321,8.528999999999998,4.3945,6.292,6.5145,4.772,5.824,6.7675,6.043500000000001,5.3845,57.09540540540541
Milan,5.194500000000001,4.801000000000001,5.190499999999999,3.286,6.683,5.5120000000000005,6.189666666666666,7.378000000000001,8.535666666666666,4.283,4.458,3.3625,2.4365,5.013999999999999,7.917000000000001,7.2195,5.641,57.7318918918919
Milwaukee,6.1225,5.526,4.8305,2.005,1.5875,4.915000000000001,8.671,4.267,8.594333333333333,4.177,7.989000000000001,6.5145,4.204,4.346,6.8375,4.844,5.064000000000001,55.335675675675674
Minneapolis-Saint Paul,4.738500000000001,5.042000000000001,6.5264999999999995,5.5230000000000015,3.544,4.924999999999999,8.671,5.085000000000001,8.972,5.2745,8.362,6.5145,4.062,6.258499999999999,6.8505,7.288,5.095999999999999,61.163648648648646
Minsk,9.4955,9.289000000000001,4.3785,0.0,3.7664999999999993,5.365500000000001,5.596333333333332,9.038,4.126666666666666,0.5,7.04825,3.204,5.926,4.863,6.949999999999999,7.4215,4.906000000000001,56.25067567567568
Montevideo,8.183000000000002,6.197,2.863,2.205,1.183,5.288,7.943999999999997,5.9735000000000005,6.3646666666666665,1.6900000000000002,4.545,4.416,4.8285,2.1785,4.9465,9.71,5.1785,52.335
Montreal,7.392000000000001,5.948,8.102500000000001,5.773000000000001,3.443,5.107,8.966,7.822,8.325666666666667,7.299000000000001,7.7215,5.8405000000000005,7.2745000000000015,4.478000000000001,6.9174999999999995,8.193,5.303,68.85486486486488
Moscow,6.555000000000001,8.099,5.053,3.704999999999999,9.054499999999999,4.546250000000001,5.386666666666667,7.478,4.462,4.5725,5.27475,3.148,6.017000000000001,6.571,8.875499999999999,3.4750000000000005,5.090000000000002,56.82391891891893
Mumbai,8.124,9.825,9.853000000000002,6.179,5.414,3.9400000000000004,3.6179999999999994,7.618500000000001,2.268333333333333,0.5275,2.0965,5.5565,3.4145,3.429,4.968499999999999,3.8390000000000004,5.792000000000001,49.32351351351352
Munich,4.23,4.648,6.915,6.509,8.056500000000002,6.013999999999999,9.072333333333333,9.049000000000001,8.979666666666667,7.554499999999999,9.018250000000002,5.373500000000001,3.9034999999999997,5.155000000000001,7.335999999999999,8.4745,7.3309999999999995,72.19067567567568
Nairobi,8.8505,8.431999999999999,6.026,4.600999999999999,2.3145000000000002,4.069,3.246333333333333,5.9719999999999995,1.9266666666666665,0.5,3.1987500000000004,4.376999999999999,5.084,1.8890000000000002,2.67,2.5789999999999997,4.0495,40.51445945945945
Nantes,7.7225,5.021,3.3529999999999998,2.2300000000000004,4.989,5.997750000000001,8.088333333333333,7.6355,9.081333333333333,4.4045000000000005,7.323,4.2045,2.6480000000000006,4.867,4.351000000000001,7.0555,2.6719999999999997,58.27189189189189
Naples,8.215,5.81,2.0405,0.0,3.9410000000000007,4.70575,6.189666666666666,6.389500000000002,7.642999999999999,4.058000000000001,1.65625,3.3625,2.4365,5.314000000000001,6.045,6.7535,5.359,49.92905405405406
Nashville,4.4545,5.742000000000001,6.0600000000000005,3.569,1.9080000000000004,4.501,8.671,5.078,8.370333333333333,4.733,7.056499999999999,6.5145,4.772,6.6370000000000005,7.0200000000000005,6.807500000000001,1.2734999999999999,55.83432432432433
New Orleans,5.339,4.991999999999999,4.7365,1.21,1.7570000000000001,4.6274999999999995,8.671,2.088,8.311666666666666,4.151999999999999,5.674,6.5145,4.346,6.453000000000001,7.1985,5.1240000000000006,1.0,49.229189189189185
New York,1.0,2.342,10.0,10.0,6.675,5.5192499999999995,8.671,7.022,8.501666666666665,8.0935,5.233749999999999,6.5145,3.9205,7.0985,10.0,6.7125,5.7475,67.27513513513514
Nice,6.4985,4.475,3.0974999999999997,2.6029999999999998,6.46,6.051,8.088333333333333,7.234,8.848333333333331,4.4045000000000005,6.423,4.2045,2.6480000000000006,6.4719999999999995,4.7795,6.467499999999999,5.5265,59.05918918918921
Nicosia,8.631,6.301,3.407,0.0,1.6059999999999999,5.491250000000001,7.438666666666665,8.102500000000001,7.124333333333333,2.475,3.6719999999999997,2.9955,7.507999999999999,2.6545,6.949,7.5055000000000005,1.7754999999999999,54.07256756756757
Oklahoma City,7.261000000000001,6.394,4.1375,0.0,1.399,5.0272499999999996,8.671,4.6855,8.549,3.6245,7.61525,6.5145,4.204,7.689,5.376000000000001,6.022,4.1290000000000004,55.44851351351353
Omaha,7.040500000000001,5.994000000000001,4.0120000000000005,0.0,1.4165,2.1277500000000003,8.671,5.5520000000000005,8.879999999999997,4.128,7.876000000000001,6.5145,4.204,6.3065,4.942,5.800999999999999,4.181,52.9468918918919
Orlando,5.778499999999999,5.284,6.5975,2.464,3.7734999999999994,4.33875,8.671,4.134,8.274,3.6245,6.676,6.5145,4.772,4.886,5.9295,5.784000000000002,4.492999999999999,55.471891891891914
Osaka,7.8315,4.819,2.668,2.144,6.201499999999999,5.255000000000001,8.417666666666667,10.0,9.177999999999999,5.589499999999999,5.326750000000001,3.7235,6.0329999999999995,3.724,7.2265,7.189500000000001,5.1875,64.44554054054053
Oslo,3.768,1.0380000000000003,5.2090000000000005,3.869,5.177,5.775250000000001,9.635333333333332,7.1065000000000005,9.106666666666666,5.144500000000001,8.42425,7.0735,4.752,7.9705,5.899,7.029999999999999,6.1895,64.31459459459458
Ottawa,6.700499999999999,6.027,6.055,2.612,1.532,5.4052500000000006,8.966,8.4475,8.875333333333334,5.423500000000001,9.29225,5.8405000000000005,7.2745000000000015,6.267499999999999,6.0920000000000005,8.6295,5.318499999999999,67.06972972972974
Oulu,3.7445,0.0,2.3135000000000003,2.575,2.716,6.04075,9.450666666666667,8.458500000000003,8.428999999999998,5.4544999999999995,8.933000000000002,3.9210000000000003,4.8785,5.722999999999999,2.0060000000000002,8.329000000000002,5.072,58.018918918918914
Oxford,3.65,4.941000000000001,4.551,3.843,7.926000000000001,5.95825,8.991999999999999,8.5685,8.075,6.638000000000001,7.553750000000001,5.438,5.9545,6.1545000000000005,5.495,8.258000000000001,2.6290000000000004,64.9818918918919
Palo Alto,0.5,0.0,8.2945,9.623000000000001,3.1505000000000005,2.2027499999999995,8.671,7.6370000000000005,8.885333333333334,3.6245,6.726500000000001,6.5145,4.488,7.142,0.0,8.454,1.7500000000000002,52.918378378378385
Panama,3.1530000000000005,0.0,3.5589999999999993,0.0,2.0020000000000002,0.0,6.208666666666667,6.976000000000001,5.865666666666667,0.0,4.38425,6.040500000000001,6.947500000000001,3.1900000000000004,5.5565,6.7855,4.8195,41.57094594594595
Paris,3.5835,3.664,9.2765,7.513000000000001,10.0,5.330500000000001,8.088333333333333,6.2465,8.756999999999998,7.085,4.36225,4.2045,2.6480000000000006,9.716000000000001,9.8165,5.579,4.433,64.78743243243241
Perth,5.233,4.795,5.127000000000001,3.102,2.1104999999999996,4.695,9.399666666666667,7.1045,9.312666666666665,5.143,8.132500000000002,6.0695000000000014,4.5885,4.1785,4.5115,7.470500000000001,5.6835,60.41878378378376
Philadelphia,4.207,4.422000000000001,7.3625,5.215999999999999,3.5559999999999996,4.1315,8.671,3.1329999999999996,8.621666666666666,6.0285,5.1240000000000006,6.5145,3.7785,7.443,8.492,5.864500000000001,4.115,56.2437837837838
Phnom Penh,8.552000000000001,8.001000000000001,1.4975000000000003,0.0,1.2395,4.68,0.9999999999999999,6.684,1.7920000000000003,0.0,2.4482500000000003,5.379999999999999,7.984000000000001,3.3949999999999996,5.407,6.030500000000001,3.4330000000000007,40.31662162162162
Phoenix,6.5329999999999995,6.208,6.508500000000001,4.558,3.3024999999999998,4.828500000000001,8.671,2.5829999999999997,8.567333333333334,4.590999999999999,4.625249999999999,6.5145,4.488,6.178,6.8100000000000005,5.5649999999999995,6.7355,56.66256756756756
Phuket,8.823,7.602000000000001,2.2445,0.0,1.8075,4.50425,5.6036666666666655,5.7285,4.957666666666666,1.187,3.62425,2.387,6.794500000000001,3.615,4.8134999999999994,5.156000000000001,4.6259999999999994,45.06986486486487
Pittsburgh,5.963500000000002,4.795,6.5075,3.5809999999999995,1.7379999999999998,4.308,8.671,4.791,8.582333333333333,6.5935,6.874250000000001,6.5145,3.7785,8.669500000000001,6.859,7.390000000000001,4.0685,58.85837837837838
"Portland, ME",0.0,0.0,3.6370000000000005,0.0,1.1019999999999999,1.97025,8.671,6.358499999999999,7.747,3.6245,7.6754999999999995,6.5145,4.062,3.5465,3.3049999999999997,8.270999999999999,4.978,46.60932432432432
"Portland, OR",4.138,4.924,6.957,5.899,2.2405,4.9079999999999995,8.671,5.1805,8.596666666666666,4.2155,8.4595,6.5145,3.9205,5.968500000000001,6.2195,8.1595,6.303999999999999,60.32581081081081
Porto,8.109500000000002,7.422000000000001,4.313000000000001,1.8860000000000001,3.1115,5.460000000000001,8.238666666666665,7.704500000000001,8.032333333333332,4.449,7.03875,3.483,4.1575,4.4945,5.625,9.573500000000001,5.9485,61.32216216216217
Porto Alegre,9.221000000000002,8.120000000000001,2.6704999999999997,0.0,0.9655,5.105,2.781,5.2955,5.499666666666666,1.017,4.13975,2.187,2.8525,2.196,7.7035,7.448,4.922499999999999,44.05797297297297
Prague,7.4305,7.569,5.7795000000000005,2.302,5.4815000000000005,5.846500000000001,6.2126666666666654,8.6595,7.0316666666666645,4.238,7.0142500000000005,4.378000000000001,5.9334999999999996,6.0905,8.464500000000001,8.1985,4.901000000000001,64.15054054054055
Providence,3.1530000000000005,0.0,3.7640000000000002,1.0,3.0185,2.422,8.671,6.846,8.885333333333334,5.3015,5.900499999999999,6.5145,4.204,8.9345,3.9185000000000008,7.49,1.084,50.9114864864865
Quebec,8.5175,6.037,3.7345000000000006,2.237,1.3815000000000002,5.279999999999999,8.966,9.159500000000001,8.725333333333335,5.42,7.3155,5.8405000000000005,7.2745000000000015,3.2985,5.636500000000001,8.622,4.718999999999999,64.68310810810812
Quito,9.0165,7.822,2.857500000000001,0.0,0.8900000000000001,4.789250000000001,3.021333333333333,6.968999999999999,5.324,0.0,4.1762500000000005,3.8855,7.513999999999999,3.4815,4.8015,8.826499999999998,5.499999999999999,48.191351351351365
Raleigh,6.128500000000001,5.610000000000001,5.497,5.157000000000002,1.7570000000000001,4.78425,8.671,6.5225,8.966666666666667,7.1165,8.583750000000002,6.5145,4.062,7.9515,6.6129999999999995,7.562000000000001,3.3905000000000003,62.51567567567569
Reykjavik,2.7715,1.0,3.1679999999999997,2.875,1.1349999999999998,5.475,9.360000000000001,8.658,8.575666666666667,4.057,8.62375,5.2829999999999995,4.4655000000000005,6.742,5.0205,9.565000000000001,4.8035000000000005,59.11932432432431
Richmond,6.439500000000002,5.949,4.2705,2.097,1.38,5.648499999999999,8.671,3.3765,8.855333333333332,3.6245,6.6217500000000005,6.5145,4.204,7.645499999999999,6.3385,7.151,1.0350000000000001,53.926756756756774
Riga,8.933000000000002,7.329,4.3505,1.358,2.3725,5.35275,7.363333333333333,7.6255,5.251666666666667,4.090999999999999,6.966,4.094500000000001,5.929,5.841000000000001,7.7065,6.884,5.5265,58.917027027027025
Rio De Janeiro,8.32,7.751,4.823,2.414,1.4929999999999999,4.55325,4.036666666666666,5.2955,4.996666666666666,1.0175,3.32275,2.187,2.8454999999999995,2.338,8.6675,5.771500000000001,6.151999999999999,45.45878378378378
Riyadh,8.6965,7.806000000000001,3.6915000000000004,2.022,2.4604999999999997,4.75325,6.103999999999999,7.583000000000001,5.555999999999999,0.5035,3.3512500000000003,7.042,10.0,4.13,5.843500000000001,2.9090000000000007,0.5,50.88608108108108
Rochester,6.727,5.4879999999999995,4.3355,1.505,1.3980000000000001,1.90775,8.671,5.899,8.585666666666667,4.494999999999999,5.93525,6.5145,3.9205,5.551,5.335,5.9014999999999995,4.404,52.29013513513514
Rome,5.6025,5.323,4.6745,1.0130000000000001,6.4335,4.533250000000001,6.189666666666666,6.604500000000001,8.178333333333331,4.157000000000001,4.2764999999999995,3.3625,2.4365,4.491,9.11,6.2215,6.396000000000001,55.08729729729729
Rotterdam,6.0440000000000005,4.934000000000001,4.4305,2.8299999999999996,8.1805,5.9670000000000005,8.836666666666666,8.268,9.059666666666665,4.306500000000001,7.08675,5.053000000000001,4.954999999999999,5.852500000000001,5.427499999999999,8.2805,4.280999999999999,64.95567567567565
Saint Petersburg,8.3605,8.673,4.9825,0.0,5.8805,4.6259999999999994,5.547,7.793000000000001,4.5489999999999995,4.282,4.324250000000001,3.148,6.0445,5.6425,9.653500000000001,4.338,5.385,55.966756756756766
Salt Lake City,6.141000000000001,6.172000000000001,6.3,7.09,2.736999999999999,4.573999999999999,8.671,5.657,8.818666666666665,4.2805,6.21575,6.5145,4.204,6.810500000000001,5.932,8.6225,6.641000000000002,61.79513513513514
San Antonio,6.402000000000001,6.683,5.356,3.53,1.6815000000000002,4.9647499999999996,8.671,4.2165,8.633333333333333,4.151999999999999,6.201499999999999,6.5145,4.772,8.0745,6.6955,6.254,3.4185000000000003,56.70824324324324
San Diego,2.9335,5.156000000000001,8.3505,8.595,2.6220000000000003,4.40975,8.671,6.933,8.767666666666665,5.4575,7.26725,6.5145,4.488,5.999,8.21,8.5395,6.396000000000002,64.59310810810813
San Francisco Bay Area,1.0,2.618,10.0,10.0,3.6545000000000005,4.687250000000001,8.671,5.7155000000000005,8.748,8.6245,6.4815000000000005,6.5145,4.488,5.605500000000001,9.407,8.012500000000001,7.014,65.53635135135136
San Jose,8.1645,6.728000000000001,3.822,0.0,1.1915000000000002,3.8342499999999995,5.949666666666666,6.7090000000000005,6.475999999999999,1.2095,5.256249999999999,4.081499999999999,5.751999999999999,1.5155000000000003,6.866500000000001,8.938500000000001,2.7855,49.683513513513525
San Juan,7.427500000000001,5.9799999999999995,1.4285,0.0,1.3800000000000001,1.1420000000000001,3.1729999999999996,5.121000000000001,2.357333333333333,0.0,4.493250000000001,0.0,4.3965000000000005,4.273499999999999,6.839500000000001,3.66,5.3245000000000005,32.91783783783784
San Luis Obispo,1.7245,0.0,3.828,3.077,1.134,1.3922499999999998,8.671,8.058,8.295666666666666,3.6245,7.392000000000001,6.5145,4.488,7.935500000000001,2.7765,9.666,1.5075000000000003,50.006621621621626
San Salvador,8.8015,7.7429999999999986,1.6700000000000004,0.0,1.0595,4.6855,4.661333333333332,5.4025,3.9466666666666668,0.0,1.00075,2.6590000000000003,5.5255,1.8310000000000002,4.858499999999999,6.1274999999999995,1.9175,38.64581081081081
Santiago,8.3815,7.237,6.2305,1.0,2.5355,5.550999999999999,7.765,6.9645,7.2316666666666665,2.6415000000000006,4.528,3.725,8.929499999999999,1.0,7.556000000000001,7.171500000000001,5.499999999999999,59.10459459459461
Santo Domingo,9.289000000000001,8.076000000000002,2.2274999999999996,0.0,1.0030000000000001,4.56525,4.412999999999999,5.779,3.9859999999999998,0.5,2.3805,6.1135,5.768,4.221,5.796500000000001,5.1095000000000015,3.4175,43.80567567567566
Sao Paulo,8.316,7.823000000000001,6.6225000000000005,4.253000000000001,2.2655,4.412000000000001,2.781,5.2955,5.4623333333333335,1.1039999999999999,2.6535,2.187,2.8525,3.3895000000000004,8.789499999999999,6.8955,7.0775,47.716891891891876
Sarajevo,9.6925,8.659,2.584,0.0,1.207,5.708000000000001,2.580333333333333,7.132999999999999,5.284666666666666,0.0,3.6660000000000004,2.088,9.117999999999999,4.6475,5.9345,7.7365,2.8705000000000003,48.12418918918919
Saskatoon,7.159500000000001,5.042000000000001,3.1145,0.0,1.2585000000000002,5.8055,8.966,6.638000000000001,8.425333333333334,5.344000000000001,7.757999999999999,5.8405000000000005,7.2745000000000015,4.890000000000001,1.0,7.335999999999999,0.5,55.4191891891892
Seattle,2.291,3.79,8.367,7.551000000000001,2.8845,4.523750000000001,8.671,5.6365,8.724333333333332,5.7145,7.560250000000001,6.5145,4.772,4.940499999999999,8.1155,8.0895,7.2094999999999985,62.74189189189191
Seoul,6.142500000000001,3.698000000000001,5.283500000000001,4.066000000000001,6.155999999999999,5.718999999999999,8.279333333333334,8.305,8.392000000000001,6.8655,6.787000000000001,5.561,6.6075,7.6370000000000005,8.200000000000001,4.484,5.776,66.28027027027026
Seville,8.095500000000001,6.961,1.1475,0.0,3.4770000000000003,5.567000000000001,7.1196666666666655,8.929499999999999,8.304666666666666,4.259500000000001,7.220749999999999,4.296,3.894000000000001,6.1895,7.416,9.265,3.0330000000000004,59.89675675675675
Shanghai,5.744,7.179,5.7255,9.288,6.862,5.0845,3.8956666666666666,7.2085,5.145,5.6995000000000005,2.83875,6.103,1.4959999999999998,2.636,6.6934999999999985,2.741,5.717499999999999,52.60499999999998
Singapore,1.7449999999999999,3.4890000000000003,9.103000000000002,8.697,2.982,5.42725,9.724666666666666,9.971499999999999,8.49,8.2465,7.95425,7.478500000000001,9.959000000000001,8.447,7.422499999999999,6.494999999999999,5.834,73.32743243243243
Skopje,9.740500000000003,9.110000000000001,2.9939999999999998,0.0,1.678,5.7364999999999995,6.882333333333333,7.2795,5.077999999999999,0.5,2.6492500000000003,4.1225000000000005,9.475,4.520499999999999,6.208000000000001,4.2895,3.302,51.75486486486487
Sofia,9.306,8.55,4.691,3.1550000000000007,2.6665,5.622,5.295333333333333,7.5504999999999995,4.796666666666666,2.0145,4.99925,3.2499999999999996,8.720500000000001,6.272500000000001,5.318499999999999,6.740500000000001,4.0565,55.26216216216216
St. Louis,6.958,5.504,5.424000000000001,3.8850000000000002,2.5315,5.085500000000001,8.671,3.8805000000000005,8.877333333333333,5.2715,7.37425,6.5145,4.062,8.909,7.642500000000001,4.3759999999999994,4.8285,58.587162162162166
Stockholm,4.865,4.36,6.267,6.229,6.2255,5.685500000000001,9.568999999999997,6.8865,8.782333333333334,6.6675,8.99175,5.694499999999999,2.7495000000000003,7.6135,6.797499999999999,5.719500000000001,4.494,64.99675675675675
Stuttgart,6.314000000000001,5.673000000000002,3.7565000000000004,1.936,5.9645,6.205499999999999,9.072333333333333,8.269500000000003,8.475666666666665,5.0504999999999995,7.2250000000000005,5.373500000000001,3.9034999999999997,5.124,5.556,7.533499999999998,3.9494999999999996,62.84594594594595
Sydney,1.9865000000000002,4.128,8.726500000000001,6.427000000000001,3.2849999999999997,4.851,9.399666666666667,7.5710000000000015,9.194666666666667,6.725500000000001,7.81675,6.0695000000000014,4.5885,4.7365,6.2275,7.032500000000001,6.2635,64.38000000000001
Taipei,7.977,5.644,5.468500000000001,2.7810000000000006,2.5105,5.6065,8.341666666666667,9.542,2.951333333333333,5.589500000000001,6.2357499999999995,6.6354999999999995,7.333,5.2315000000000005,7.2635,8.0435,5.5885,63.08648648648651
Tallinn,8.376500000000002,6.931000000000001,5.356,5.829,1.9704999999999997,5.932500000000001,8.129333333333333,9.425500000000001,6.531000000000001,5.3549999999999995,7.825500000000001,4.1850000000000005,5.341,5.202,7.0235,7.838500000000001,4.5355,64.5916216216216
Tampa Bay Area,5.696,5.253,6.3469999999999995,3.7780000000000005,2.9055000000000004,1.40075,8.671,4.706499999999999,8.781666666666666,4.2805,7.37875,6.5145,4.772,7.195,6.433999999999999,5.360000000000001,5.497,54.968513513513514
Tampere,6.936,4.622,2.606,2.5490000000000004,2.848,6.3495,9.450666666666667,8.689000000000002,8.809999999999999,5.3895,8.922,3.9210000000000003,4.8785,5.792000000000001,4.187000000000001,8.290500000000002,4.571000000000001,62.972432432432434
Tartu,8.961000000000002,7.47,2.778,0.0,1.414,6.441,8.129333333333333,9.3765,7.214,5.4035,9.416,4.1850000000000005,5.341,4.3004999999999995,4.081,7.483,3.4989999999999997,61.13337837837838
Tashkent,5.0,0.0,1.7830000000000001,0.0,2.7375000000000007,0.0,5.175333333333333,8.9045,2.1946666666666665,0.0,6.555499999999999,5.5375,6.0145,1.2425000000000002,3.1760000000000006,6.1705,4.2425,38.21743243243244
Tbilisi,9.4905,9.765,3.1485000000000007,0.0,2.2510000000000003,5.64425,7.863333333333332,9.506,4.5633333333333335,0.8625,3.1967499999999998,4.2525,8.055000000000001,4.087,4.919,8.197499999999998,5.477500000000001,57.144459459459455
Tehran,8.302999999999999,9.544,4.386500000000001,0.0,3.175,3.7995,4.342666666666666,6.792999999999999,4.9286666666666665,0.51,2.9425,3.9435000000000002,4.0525,1.5759999999999998,6.521,4.2225,5.499999999999999,45.518108108108116
Tel Aviv,4.91,4.370000000000001,7.3265,9.16,3.345,4.994249999999999,6.789999999999999,8.0065,8.427333333333332,3.766500000000001,6.02675,5.0265,6.9175,2.566,5.3335,5.516,5.4125,59.70608108108109
The Hague,6.053000000000001,4.653,3.8640000000000003,1.107,8.000500000000002,5.061000000000001,8.836666666666666,8.789000000000001,8.978666666666665,4.306500000000001,8.283750000000001,5.053000000000001,4.954999999999999,6.5135000000000005,5.0145,8.552999999999999,4.924,64.6308108108108
Thessaloniki,9.3775,6.6000000000000005,3.250000000000001,0.0,2.2604999999999995,5.91375,6.168999999999999,7.992,7.511333333333333,3.1635,3.33825,3.3199999999999994,4.1665,2.596,7.689000000000002,7.523499999999999,4.665000000000001,54.96418918918919
Tokyo,5.657000000000001,3.431,6.297000000000001,3.962999999999999,8.1515,6.0075,8.377666666666666,10.0,9.253333333333332,6.980500000000001,5.955750000000001,3.7235,6.0329999999999995,4.835000000000001,9.342000000000002,7.194500000000001,6.5225,70.50445945945947
Toronto,4.66,5.271,9.981,7.602000000000001,4.335000000000001,4.683000000000001,8.966,7.693500000000001,8.770333333333333,7.602500000000001,7.1775,5.8405000000000005,7.2745000000000015,4.383,7.826,7.928000000000002,5.594,69.29972972972972
Toulouse,7.5440000000000005,4.552,3.577,2.042,5.1265,5.06775,8.088333333333333,6.967,9.232999999999997,4.442,5.079750000000001,4.2045,2.6480000000000006,4.622000000000001,4.1370000000000005,7.6335,3.3040000000000003,55.86797297297299
Tunis,9.968,9.998000000000001,2.969,0.0,2.6080000000000005,5.614500000000001,6.621666666666667,8.291500000000001,4.930999999999999,0.5,3.27975,3.0920000000000005,2.599,1.0725,5.742500000000001,4.727,5.365500000000001,49.47405405405405
Turin,8.069500000000001,5.612,3.250000000000001,0.0,3.1495,5.60925,6.189666666666666,6.252000000000001,8.415999999999999,4.1015,3.8855,3.3625,2.4365,2.3689999999999998,7.061,5.777000000000001,5.705,52.118648648648666
Turku,7.534000000000002,5.07,1.8795000000000002,1.7730000000000001,3.224,6.7284999999999995,9.450666666666667,9.175500000000001,8.955333333333332,5.347499999999999,9.104750000000001,3.9210000000000003,4.8785,6.6825,5.0975,7.751499999999999,4.5375,64.57054054054055
Uppsala,7.16,5.442,1.4285,0.0,4.7485,5.9750000000000005,9.568999999999997,7.850000000000001,8.904666666666666,5.2044999999999995,8.5815,5.694499999999999,2.7495000000000003,5.854,3.427,6.950500000000001,3.4665,59.68621621621624
Utrecht,5.4665,4.604,3.915,1.9290000000000003,8.0725,5.9902500000000005,8.836666666666666,8.631,9.142333333333333,5.5915,8.0955,5.053000000000001,4.954999999999999,6.676,5.373,8.5655,4.6965,66.26999999999998
Valencia,8.135500000000002,6.872,1.7469999999999999,2.5829999999999997,3.4840000000000004,5.809000000000001,7.1196666666666655,7.786499999999999,8.718,4.266000000000001,5.94225,4.296,3.894000000000001,9.14,7.078000000000001,7.935,6.331500000000001,61.27256756756756
Valletta,3.1530000000000005,0.0,3.9094999999999995,2.148,1.8890000000000002,0.0,5.377,8.518,7.7780000000000005,2.8194999999999997,3.77575,5.5395,5.783499999999999,3.2015000000000002,5.827,7.562999999999999,4.716999999999999,45.63243243243244
Vancouver,4.080500000000001,5.259,8.17,5.8420000000000005,2.771,4.93675,8.966,7.5695,8.751333333333335,6.889000000000001,8.42325,5.8405000000000005,7.2745000000000015,4.550500000000001,5.7170000000000005,8.295,7.4,67.17567567567568
Victoria,5.696,5.703,4.479,2.719,1.4945,5.226000000000001,8.966,7.808000000000001,8.517333333333333,5.3815,9.29475,5.8405000000000005,7.2745000000000015,6.194999999999999,4.523000000000001,8.7825,4.3555,63.09364864864866
Vienna,6.314000000000001,5.111,5.798000000000001,3.6350000000000007,8.0315,6.21325,7.596,8.5965,8.749999999999998,4.854500000000001,9.27,4.663,2.666,6.173,8.521500000000001,8.963999999999999,5.294499999999999,68.09459459459461
Vilnius,8.621,7.5760000000000005,4.223,2.8280000000000003,2.105,5.9277500000000005,7.6003333333333325,8.857,5.654999999999999,3.7,8.71775,4.691,6.592499999999999,7.9265,5.198500000000001,7.393,4.106,61.60297297297297
Warsaw,7.8695,8.192,6.121500000000001,1.8529999999999998,3.8640000000000003,5.202999999999999,5.7043333333333335,8.6995,6.164333333333332,4.668500000000001,6.388999999999999,4.7615,5.0969999999999995,6.0,7.3355000000000015,4.636000000000001,4.961,59.09945945945946
"Washington, D.C.",1.2105000000000001,3.5949999999999993,8.774000000000001,8.056,4.505000000000001,4.457000000000001,8.671,2.1915,8.490666666666666,5.968500000000001,6.9937499999999995,6.5145,4.062,3.825500000000001,10.0,6.5495,5.023499999999999,57.50216216216215
Wellington,5.134499999999999,5.161,2.4715,1.7530000000000001,0.8525,6.039750000000001,10.0,8.223,8.525333333333332,4.756,9.60925,5.505500000000001,5.9315,5.1745,4.599,8.116000000000001,6.397,62.557027027027026
Winnipeg,7.552500000000001,5.882,3.7965,0.0,1.4754999999999998,5.104500000000001,8.966,6.0155,8.544,5.344000000000001,5.67475,5.8405000000000005,7.2745000000000015,4.902500000000001,4.688,6.659000000000001,4.243,57.53810810810812
Wroclaw,8.452,8.434000000000001,3.5860000000000003,2.386,2.2445,4.954750000000001,5.7043333333333335,8.165500000000002,6.176666666666666,4.161500000000001,4.96475,4.7615,5.0969999999999995,5.761500000000001,4.7495,3.9045,4.085,53.167027027027025
Yerevan,9.694500000000001,9.431000000000001,3.9265,0.0,1.7870000000000004,5.64925,6.5009999999999994,8.873000000000001,4.086666666666667,0.0,4.439500000000002,3.458,8.055000000000001,3.8999999999999995,4.737000000000001,7.346500000000001,7.7765,55.574054054054066
Zagreb,8.91,7.193999999999999,4.453,1.775,2.0279999999999996,4.830000000000001,5.720333333333333,8.6575,6.300333333333333,3.211,7.331500000000001,2.2365,7.993499999999999,5.0335,4.9945,7.954500000000001,4.809,57.2587837837838
Zurich,1.473,1.0,6.203500000000001,3.872,7.733499999999999,5.839499999999999,8.888,9.0665,9.739333333333333,7.2875,8.642999999999999,6.552,6.4285000000000005,7.2675,4.9655000000000005,8.7845,5.401,68.80797297297298
